rate,rate_pct,analysis,metric,baseline_mean,mean,std,ci_lower,ci_upper,preservation_pct,biological_status
0.0,0%,basic_structure,node_count,158262.0,158262.0,0.0,158262.0,158262.0,100.0,Preserved
0.0,0%,basic_structure,edge_count,3990039.0,3990039.0,0.0,3990039.0,3990039.0,100.0,Preserved
0.0,0%,basic_structure,total_synapses,23556214.0,23556214.0,0.0,23556214.0,23556214.0,100.0,Preserved
0.0,0%,basic_structure,weight_mean,5.903755326702321,5.903755326702321,0.0,5.903755326702321,5.903755326702321,100.0,Preserved
0.0,0%,basic_structure,weight_median,4.0,4.0,0.0,4.0,4.0,100.0,Preserved
0.0,0%,basic_structure,weight_variance,89.45748753848277,89.45748753848277,0.0,89.45748753848277,89.45748753848277,100.0,Preserved
0.0,0%,basic_structure,weight_std,9.45819684392764,9.45819684392764,0.0,9.45819684392764,9.45819684392764,100.0,Preserved
0.0,0%,basic_structure,weight_max,913.0,913.0,0.0,913.0,913.0,100.0,Preserved
0.0,0%,basic_structure,weight_min,1.0,1.0,0.0,1.0,1.0,100.0,Preserved
0.0,0%,basic_structure,density,0.00015930396501487044,0.00015930396501487044,0.0,0.00015930396501487044,0.00015930396501487044,100.0,Preserved
0.0,0%,degree_distribution,in_degree_mean,25.21160480721841,25.21160480721841,0.0,25.21160480721841,25.21160480721841,100.0,Preserved
0.0,0%,degree_distribution,in_degree_median,9.0,9.0,0.0,9.0,9.0,100.0,Preserved
0.0,0%,degree_distribution,in_degree_variance,3727.29660036276,3727.29660036276,5.084229945850415e-13,3727.2966003627594,3727.2966003627603,100.0,Preserved
0.0,0%,degree_distribution,in_degree_std,61.05158966286431,61.05158966286431,7.944109290391274e-15,61.0515896628643,61.051589662864316,100.0,Preserved
0.0,0%,degree_distribution,in_degree_max,4707.0,4707.0,0.0,4707.0,4707.0,100.0,Preserved
0.0,0%,degree_distribution,in_degree_min,0.0,0.0,0.0,0.0,0.0,100.0,Preserved
0.0,0%,degree_distribution,out_degree_mean,25.21160480721841,25.21160480721841,0.0,25.21160480721841,25.21160480721841,100.0,Preserved
0.0,0%,degree_distribution,out_degree_median,11.0,11.0,0.0,11.0,11.0,100.0,Preserved
0.0,0%,degree_distribution,out_degree_variance,3364.863849607683,3364.863849607683,5.084229945850415e-13,3364.8638496076824,3364.8638496076833,100.0,Preserved
0.0,0%,degree_distribution,out_degree_std,58.007446501356036,58.007446501356036,0.0,58.007446501356036,58.007446501356036,100.0,Preserved
0.0,0%,degree_distribution,out_degree_max,4782.0,4782.0,0.0,4782.0,4782.0,100.0,Preserved
0.0,0%,degree_distribution,out_degree_min,0.0,0.0,0.0,0.0,0.0,100.0,Preserved
0.0,0%,degree_distribution,total_degree_mean,50.42320961443682,50.42320961443682,0.0,50.42320961443682,50.42320961443682,100.0,Preserved
0.0,0%,degree_distribution,total_degree_median,21.0,21.0,0.0,21.0,21.0,100.0,Preserved
0.0,0%,degree_distribution,total_degree_variance,12481.215315530224,12481.215315530224,0.0,12481.215315530224,12481.215315530224,100.0,Preserved
0.0,0%,degree_distribution,total_degree_std,111.71935962728317,111.71935962728317,1.5888218580782548e-14,111.71935962728315,111.71935962728318,100.0,Preserved
0.0,0%,degree_distribution,total_degree_max,9489.0,9489.0,0.0,9489.0,9489.0,100.0,Preserved
0.0,0%,degree_distribution,total_degree_min,0.0,0.0,0.0,0.0,0.0,100.0,Preserved
0.0,0%,assortativity,degree_assortativity,-0.046430186922204346,-0.046430186922204346,0.0,-0.046430186922204346,-0.046430186922204346,100.0,Preserved
0.0,0%,connected_components,wcc_count,4306.0,4306.0,0.0,4306.0,4306.0,100.0,Preserved
0.0,0%,connected_components,wcc_max_size,153952.0,153952.0,0.0,153952.0,153952.0,100.0,Preserved
0.0,0%,connected_components,scc_count,18345.0,18345.0,0.0,18345.0,18345.0,100.0,Preserved
0.0,0%,connected_components,scc_max_size,139405.0,139405.0,0.0,139405.0,139405.0,100.0,Preserved
0.0,0%,reciprocity,reciprocity,0.12993908079595212,0.12993908079595212,0.0,0.12993908079595212,0.12993908079595212,100.0,Preserved
0.0025,0%,basic_structure,node_count,158262.0,158262.0,0.0,158262.0,158262.0,100.0,Preserved
0.0025,0%,basic_structure,edge_count,3990039.0,4000014.0,0.0,4000014.0,4000014.0,99.7506,Preserved
0.0025,0%,basic_structure,total_synapses,23556214.0,23585825.6,54.907194428417114,23585777.471722078,23585873.728277925,99.8745,Preserved
0.0025,0%,basic_structure,weight_mean,5.903755326702321,5.896435762474831,1.372675056333299e-05,5.896423730447462,5.8964477945022,100.0,Preserved
0.0025,0%,basic_structure,weight_median,4.0,4.0,0.0,4.0,4.0,100.0,Preserved
0.0025,0%,basic_structure,weight_variance,89.45748753848277,89.25968180212934,7.53689814849973e-05,89.25961573830426,89.25974786595441,100.0,Preserved
0.0025,0%,basic_structure,weight_std,9.45819684392764,9.44773421525588,3.988733327249811e-06,9.447730718976965,9.447737711534794,100.0,Preserved
0.0025,0%,basic_structure,weight_max,913.0,913.0,0.0,913.0,913.0,100.0,Preserved
0.0025,0%,basic_structure,weight_min,1.0,1.0,0.0,1.0,1.0,100.0,Preserved
0.0025,0%,basic_structure,density,0.00015930396501487044,0.0001597022210346796,0.0,0.0001597022210346796,0.0001597022210346796,99.7506,Preserved
0.0025,0%,degree_distribution,in_degree_mean,25.21160480721841,25.27463320316943,0.0,25.27463320316943,25.27463320316943,100.0,Preserved
0.0025,0%,degree_distribution,in_degree_median,9.0,9.0,0.0,9.0,9.0,100.0,Preserved
0.0025,0%,degree_distribution,in_degree_variance,3727.29660036276,3726.8044517474664,0.008456883065550291,3726.797038962625,3726.811864532308,100.0,Preserved
0.0025,0%,degree_distribution,in_degree_std,61.05158966286431,61.04755893353664,6.926470951820219e-05,61.047498220341865,61.04761964673142,100.0,Preserved
0.0025,0%,degree_distribution,in_degree_max,4707.0,4707.0,0.0,4707.0,4707.0,100.0,Preserved
0.0025,0%,degree_distribution,in_degree_min,0.0,0.0,0.0,0.0,0.0,100.0,Preserved
0.0025,0%,degree_distribution,out_degree_mean,25.21160480721841,25.27463320316943,0.0,25.27463320316943,25.27463320316943,100.0,Preserved
0.0025,0%,degree_distribution,out_degree_median,11.0,11.0,0.0,11.0,11.0,100.0,Preserved
0.0025,0%,degree_distribution,out_degree_variance,3364.863849607683,3369.906636731859,0.027916108806372176,3369.8821671836117,3369.9311062801066,100.0,Preserved
0.0025,0%,degree_distribution,out_degree_std,58.007446501356036,58.050896949880176,0.00024044557202941618,58.05068619004375,58.051107709716604,100.0,Preserved
0.0025,0%,degree_distribution,out_degree_max,4782.0,4782.0,0.0,4782.0,4782.0,100.0,Preserved
0.0025,0%,degree_distribution,out_degree_min,0.0,0.0,0.0,0.0,0.0,100.0,Preserved
0.0025,0%,degree_distribution,total_degree_mean,50.42320961443682,50.54926640633886,0.0,50.54926640633886,50.54926640633886,100.0,Preserved
0.0025,0%,degree_distribution,total_degree_median,21.0,21.0,0.0,21.0,21.0,100.0,Preserved
0.0025,0%,degree_distribution,total_degree_variance,12481.215315530224,12482.254707825188,0.07630614055051459,12482.187822543978,12482.321593106399,100.0,Preserved
0.0025,0%,degree_distribution,total_degree_std,111.71935962728317,111.72401133029503,0.0003414941902572603,111.72371199743948,111.72431066315058,100.0,Preserved
0.0025,0%,degree_distribution,total_degree_max,9489.0,9489.0,0.0,9489.0,9489.0,100.0,Preserved
0.0025,0%,degree_distribution,total_degree_min,0.0,0.0,0.0,0.0,0.0,100.0,Preserved
0.0025,0%,assortativity,degree_assortativity,-0.046430186922204346,-0.04602127814280117,1.1806273469511139e-06,-0.04602231300829869,-0.046020243277303655,100.0,Preserved
0.0025,0%,connected_components,wcc_count,4306.0,4306.0,0.0,4306.0,4306.0,100.0,Preserved
0.0025,0%,connected_components,wcc_max_size,153952.0,153952.0,0.0,153952.0,153952.0,100.0,Preserved
0.0025,0%,connected_components,scc_count,18345.0,18342.6,0.8944271909999159,18341.816,18343.384,100.0,Preserved
0.0025,0%,connected_components,scc_max_size,139405.0,139406.4,0.8944271909999159,139405.61599999998,139407.184,99.999,Preserved
0.0025,0%,reciprocity,reciprocity,0.12993908079595212,0.12961804633683782,6.123702924006365e-07,0.12961750957061013,0.1296185831030655,99.7529,Preserved
0.005,0%,basic_structure,node_count,158262.0,158262.0,0.0,158262.0,158262.0,100.0,Preserved
0.005,0%,basic_structure,edge_count,3990039.0,4009989.0,0.0,4009989.0,4009989.0,99.5025,Preserved
0.005,0%,basic_structure,total_synapses,23556214.0,23615281.0,163.73912177607403,23615137.476331707,23615424.523668293,99.7499,Preserved
0.005,0%,basic_structure,weight_mean,5.903755326702321,5.889113660910292,4.0832810707268615e-05,5.889077869373634,5.88914945244695,100.0,Preserved
0.005,0%,basic_structure,weight_median,4.0,4.0,0.0,4.0,4.0,100.0,Preserved
0.005,0%,basic_structure,weight_variance,89.45748753848277,89.06294312810233,0.00031545567684776313,89.0626666190101,89.06321963719456,100.0,Preserved
0.005,0%,basic_structure,weight_std,9.45819684392764,9.43731652154779,1.6713204795791363e-05,9.43730187177787,9.437331171317712,100.0,Preserved
0.005,0%,basic_structure,weight_max,913.0,913.0,0.0,913.0,913.0,100.0,Preserved
0.005,0%,basic_structure,weight_min,1.0,1.0,0.0,1.0,1.0,100.0,Preserved
0.005,0%,basic_structure,density,0.00015930396501487044,0.00016010047705448876,0.0,0.00016010047705448876,0.00016010047705448876,99.5025,Preserved
0.005,0%,degree_distribution,in_degree_mean,25.21160480721841,25.337661599120445,0.0,25.337661599120445,25.337661599120445,100.0,Preserved
0.005,0%,degree_distribution,in_degree_median,9.0,9.0,0.0,9.0,9.0,100.0,Preserved
0.005,0%,degree_distribution,in_degree_variance,3727.29660036276,3731.6761718024836,0.033505625663762084,3731.6468028266913,3731.705540778276,100.0,Preserved
0.005,0%,degree_distribution,in_degree_std,61.05158966286431,61.08744692440761,0.00027424301053321533,61.087206539810154,61.08768730900506,100.0,Preserved
0.005,0%,degree_distribution,in_degree_max,4707.0,4707.0,0.0,4707.0,4707.0,100.0,Preserved
0.005,0%,degree_distribution,in_degree_min,0.0,0.0,0.0,0.0,0.0,100.0,Preserved
0.005,0%,degree_distribution,out_degree_mean,25.21160480721841,25.337661599120445,0.0,25.337661599120445,25.337661599120445,100.0,Preserved
0.005,0%,degree_distribution,out_degree_median,11.0,11.0,0.0,11.0,11.0,100.0,Preserved
0.005,0%,degree_distribution,out_degree_variance,3364.863849607683,3373.0825713172117,0.07466256908951203,3373.017126689907,3373.1480159445164,100.0,Preserved
0.005,0%,degree_distribution,out_degree_std,58.007446501356036,58.07824524713779,0.0006427774154884712,58.077681827891574,58.078808666384,100.0,Preserved
0.005,0%,degree_distribution,out_degree_max,4782.0,4782.0,0.0,4782.0,4782.0,100.0,Preserved
0.005,0%,degree_distribution,out_degree_min,0.0,0.0,0.0,0.0,0.0,100.0,Preserved
0.005,0%,degree_distribution,total_degree_mean,50.42320961443682,50.67532319824089,0.0,50.67532319824089,50.67532319824089,100.0,Preserved
0.005,0%,degree_distribution,total_degree_median,21.0,21.0,0.0,21.0,21.0,100.0,Preserved
0.005,0%,degree_distribution,total_degree_variance,12481.215315530224,12492.101098224579,0.09104945914724924,12492.02128985483,12492.180906594327,100.0,Preserved
0.005,0%,degree_distribution,total_degree_std,111.71935962728317,111.76806832942876,0.0004073143330546966,111.76771130267429,111.76842535618323,100.0,Preserved
0.005,0%,degree_distribution,total_degree_max,9489.0,9489.0,0.0,9489.0,9489.0,100.0,Preserved
0.005,0%,degree_distribution,total_degree_min,0.0,0.0,0.0,0.0,0.0,100.0,Preserved
0.005,0%,assortativity,degree_assortativity,-0.046430186922204346,-0.04559911529811725,2.601093139443465e-06,-0.045601395256778886,-0.04559683533945561,100.0,Preserved
0.005,0%,connected_components,wcc_count,4306.0,4306.0,0.0,4306.0,4306.0,100.0,Preserved
0.005,0%,connected_components,wcc_max_size,153952.0,153952.0,0.0,153952.0,153952.0,100.0,Preserved
0.005,0%,connected_components,scc_count,18345.0,18341.0,1.0,18340.12346135282,18341.87653864718,100.0,Preserved
0.005,0%,connected_components,scc_max_size,139405.0,139408.0,1.0,139407.1234613528,139408.8765386472,99.9978,Preserved
0.005,0%,reciprocity,reciprocity,0.12993908079595212,0.12929511776715596,4.987544853646275e-07,0.12929468058957408,0.12929555494473785,99.5044,Preserved
0.0075,1%,basic_structure,node_count,158262.0,158262.0,0.0,158262.0,158262.0,100.0,Preserved
0.0075,1%,basic_structure,edge_count,3990039.0,4019964.0,0.0,4019964.0,4019964.0,99.2556,Preserved
0.0075,1%,basic_structure,total_synapses,23556214.0,23644808.0,134.92034687177468,23644689.737101678,23644926.262898322,99.6253,Preserved
0.0075,1%,basic_structure,weight_mean,5.903755326702321,5.881845708071017,3.35625759016425e-05,5.8818162891761405,5.881875126965894,100.0,Preserved
0.0075,1%,basic_structure,weight_median,4.0,4.0,0.0,4.0,4.0,100.0,Preserved
0.0075,1%,basic_structure,weight_variance,89.45748753848277,88.86705979043946,0.0002559417022600129,88.866835447646,88.86728413323291,100.0,Preserved
0.0075,1%,basic_structure,weight_std,9.45819684392764,9.426932681964585,1.3575013454017122e-05,9.426920782940657,9.426944580988513,100.0,Preserved
0.0075,1%,basic_structure,weight_max,913.0,913.0,0.0,913.0,913.0,100.0,Preserved
0.0075,1%,basic_structure,weight_min,1.0,1.0,0.0,1.0,1.0,100.0,Preserved
0.0075,1%,basic_structure,density,0.00015930396501487044,0.00016049873307429793,0.0,0.00016049873307429793,0.00016049873307429793,99.2556,Preserved
0.0075,1%,degree_distribution,in_degree_mean,25.21160480721841,25.400689995071463,0.0,25.400689995071463,25.400689995071463,100.0,Preserved
0.0075,1%,degree_distribution,in_degree_median,9.0,9.0,0.0,9.0,9.0,100.0,Preserved
0.0075,1%,degree_distribution,in_degree_variance,3727.29660036276,3735.9359406847666,0.10307503558542229,3735.8455914325164,3736.026289937017,100.0,Preserved
0.0075,1%,degree_distribution,in_degree_std,61.05158966286431,61.12230313163924,0.0008431856184325456,61.12156404685794,61.123042216420544,100.0,Preserved
0.0075,1%,degree_distribution,in_degree_max,4707.0,4707.0,0.0,4707.0,4707.0,100.0,Preserved
0.0075,1%,degree_distribution,in_degree_min,0.0,0.0,0.0,0.0,0.0,100.0,Preserved
0.0075,1%,degree_distribution,out_degree_mean,25.21160480721841,25.400689995071463,0.0,25.400689995071463,25.400689995071463,100.0,Preserved
0.0075,1%,degree_distribution,out_degree_median,11.0,11.0,0.0,11.0,11.0,100.0,Preserved
0.0075,1%,degree_distribution,out_degree_variance,3364.863849607683,3380.6298406733927,0.15421833414990907,3380.4946623434066,3380.7650190033787,100.0,Preserved
0.0075,1%,degree_distribution,out_degree_std,58.007446501356036,58.143183945036625,0.0013261918571310732,58.14202148662027,58.14434640345298,100.0,Preserved
0.0075,1%,degree_distribution,out_degree_max,4782.0,4782.0,0.0,4782.0,4782.0,100.0,Preserved
0.0075,1%,degree_distribution,out_degree_min,0.0,0.0,0.0,0.0,0.0,100.0,Preserved
0.0075,1%,degree_distribution,total_degree_mean,50.42320961443682,50.80137999014293,0.0,50.80137999014293,50.80137999014293,100.0,Preserved
0.0075,1%,degree_distribution,total_degree_median,21.0,21.0,0.0,21.0,21.0,100.0,Preserved
0.0075,1%,degree_distribution,total_degree_variance,12481.215315530224,12505.15771176031,0.15387389376059596,12505.022835345637,12505.292588174983,100.0,Preserved
0.0075,1%,degree_distribution,total_degree_std,111.71935962728317,111.82646248264152,0.0006880036953685556,111.82585942081312,111.82706554446992,100.0,Preserved
0.0075,1%,degree_distribution,total_degree_max,9489.0,9489.0,0.0,9489.0,9489.0,100.0,Preserved
0.0075,1%,degree_distribution,total_degree_min,0.0,0.0,0.0,0.0,0.0,100.0,Preserved
0.0075,1%,assortativity,degree_assortativity,-0.046430186922204346,-0.04547921284906646,8.886429496854058e-06,-0.045487002147955896,-0.045471423550177026,100.0,Preserved
0.0075,1%,connected_components,wcc_count,4306.0,4306.0,0.0,4306.0,4306.0,100.0,Preserved
0.0075,1%,connected_components,wcc_max_size,153952.0,153952.0,0.0,153952.0,153952.0,100.0,Preserved
0.0075,1%,connected_components,scc_count,18345.0,18341.8,1.3038404810405297,18340.65713342861,18342.94286657139,100.0,Preserved
0.0075,1%,connected_components,scc_max_size,139405.0,139407.4,0.8944271909999159,139406.61599999998,139408.184,99.9983,Preserved
0.0075,1%,reciprocity,reciprocity,0.12993908079595212,0.1289747868388871,6.093312633566962e-07,0.12897425273648583,0.12897532094128838,99.2579,Preserved
0.01,1%,basic_structure,node_count,158262.0,158262.0,0.0,158262.0,158262.0,100.0,Preserved
0.01,1%,basic_structure,edge_count,3990039.0,4029939.0,0.0,4029939.0,4029939.0,99.0099,Preserved
0.01,1%,basic_structure,total_synapses,23556214.0,23674574.4,279.5063505539722,23674329.401881605,23674819.39811839,99.5001,Preserved
0.01,1%,basic_structure,weight_mean,5.903755326702321,5.874673140213785,6.935746435703172e-05,5.874612345715806,5.874733934711764,100.0,Preserved
0.01,1%,basic_structure,weight_median,4.0,4.0,0.0,4.0,4.0,100.0,Preserved
0.01,1%,basic_structure,weight_variance,89.45748753848277,88.67164323103114,0.00045354515092263346,88.67124568117812,88.67204078088416,100.0,Preserved
0.01,1%,basic_structure,weight_std,9.45819684392764,9.416562176854523,2.4082299400861797e-05,9.416541067788385,9.41658328592066,100.0,Preserved
0.01,1%,basic_structure,weight_max,913.0,913.0,0.0,913.0,913.0,100.0,Preserved
0.01,1%,basic_structure,weight_min,1.0,1.0,0.0,1.0,1.0,100.0,Preserved
0.01,1%,basic_structure,density,0.00015930396501487044,0.0001608969890941071,0.0,0.0001608969890941071,0.0001608969890941071,99.0099,Preserved
0.01,1%,degree_distribution,in_degree_mean,25.21160480721841,25.463718391022482,0.0,25.463718391022482,25.463718391022482,100.0,Preserved
0.01,1%,degree_distribution,in_degree_median,9.0,9.0,0.0,9.0,9.0,100.0,Preserved
0.01,1%,degree_distribution,in_degree_variance,3727.29660036276,3736.90502060508,0.0878934524499581,3736.8279785971736,3736.9820626129867,100.0,Preserved
0.01,1%,degree_distribution,in_degree_std,61.05158966286431,61.13023000277055,0.0007188977651476973,61.12959986109603,61.13086014444507,100.0,Preserved
0.01,1%,degree_distribution,in_degree_max,4707.0,4707.0,0.0,4707.0,4707.0,100.0,Preserved
0.01,1%,degree_distribution,in_degree_min,0.0,0.0,0.0,0.0,0.0,100.0,Preserved
0.01,1%,degree_distribution,out_degree_mean,25.21160480721841,25.463718391022482,0.0,25.463718391022482,25.463718391022482,100.0,Preserved
0.01,1%,degree_distribution,out_degree_median,11.0,11.0,0.0,11.0,11.0,100.0,Preserved
0.01,1%,degree_distribution,out_degree_variance,3364.863849607683,3385.4855389859927,0.09881097352385673,3385.3989273489337,3385.5721506230516,100.0,Preserved
0.01,1%,degree_distribution,out_degree_std,58.007446501356036,58.18492535364469,0.000849109391214208,58.1841810764476,58.18566963084177,100.0,Preserved
0.01,1%,degree_distribution,out_degree_max,4782.0,4782.0,0.0,4782.0,4782.0,100.0,Preserved
0.01,1%,degree_distribution,out_degree_min,0.0,0.0,0.0,0.0,0.0,100.0,Preserved
0.01,1%,degree_distribution,total_degree_mean,50.42320961443682,50.927436782044964,0.0,50.927436782044964,50.927436782044964,100.0,Preserved
0.01,1%,degree_distribution,total_degree_median,21.0,21.0,0.0,21.0,21.0,100.0,Preserved
0.01,1%,degree_distribution,total_degree_variance,12481.215315530224,12510.188006495588,0.10456880581755078,12510.096347895998,12510.279665095177,100.0,Preserved
0.01,1%,degree_distribution,total_degree_std,111.71935962728317,111.84895174439848,0.00046745671229249153,111.84854200052426,111.84936148827269,100.0,Preserved
0.01,1%,degree_distribution,total_degree_max,9489.0,9489.0,0.0,9489.0,9489.0,100.0,Preserved
0.01,1%,degree_distribution,total_degree_min,0.0,0.0,0.0,0.0,0.0,100.0,Preserved
0.01,1%,assortativity,degree_assortativity,-0.046430186922204346,-0.04522175859433817,4.4270598603201226e-06,-0.04522563908339912,-0.04521787810527722,100.0,Preserved
0.01,1%,connected_components,wcc_count,4306.0,4306.0,0.0,4306.0,4306.0,100.0,Preserved
0.01,1%,connected_components,wcc_max_size,153952.0,153952.0,0.0,153952.0,153952.0,100.0,Preserved
0.01,1%,connected_components,scc_count,18345.0,18341.6,1.51657508881031,18340.270663323307,18342.92933667669,100.0,Preserved
0.01,1%,connected_components,scc_max_size,139405.0,139407.2,0.8366600265340756,139406.4666351522,139407.93336484782,99.9984,Preserved
0.01,1%,reciprocity,reciprocity,0.12993908079595212,0.1288871121870579,5.599454565464101e-06,0.12888220404872813,0.12889202032538766,99.1904,Preserved
0.02,2%,basic_structure,node_count,158262.0,158262.0,0.0,158262.0,158262.0,100.0,Preserved
0.02,2%,basic_structure,edge_count,3990039.0,4069840.0,0.0,4069840.0,4069840.0,98.0392,Minor Impact
0.02,2%,basic_structure,total_synapses,23556214.0,23792261.4,274.586598361974,23792020.71423454,23792502.08576546,99.0079,Preserved
0.02,2%,basic_structure,weight_mean,5.903755326702321,5.845994289701807,6.746864701355083e-05,5.845935150825226,5.846053428578387,100.0,Preserved
0.02,2%,basic_structure,weight_median,4.0,4.0,0.0,4.0,4.0,100.0,Preserved
0.02,2%,basic_structure,weight_variance,89.45748753848277,87.90034564053784,0.0004202063846932077,87.89997731340186,87.90071396767381,100.0,Preserved
0.02,2%,basic_structure,weight_std,9.45819684392764,9.375518419806774,2.2409791238200646e-05,9.375498776758679,9.375538062854869,100.0,Preserved
0.02,2%,basic_structure,weight_max,913.0,913.0,0.0,913.0,913.0,100.0,Preserved
0.02,2%,basic_structure,weight_min,1.0,1.0,0.0,1.0,1.0,100.0,Preserved
0.02,2%,basic_structure,density,0.00015930396501487044,0.00016249005309875925,0.0,0.00016249005309875925,0.00016249005309875925,98.0392,Minor Impact
0.02,2%,degree_distribution,in_degree_mean,25.21160480721841,25.715838293462742,3.972054645195637e-15,25.71583829346274,25.715838293462745,100.0,Preserved
0.02,2%,degree_distribution,in_degree_median,9.0,9.0,0.0,9.0,9.0,100.0,Preserved
0.02,2%,degree_distribution,in_degree_variance,3727.29660036276,3749.3413951531866,0.14772390973170993,3749.211909437194,3749.470880869179,100.0,Preserved
0.02,2%,degree_distribution,in_degree_std,61.05158966286431,61.23186583788821,0.001206257244730746,61.23080850679476,61.23292316898166,100.0,Preserved
0.02,2%,degree_distribution,in_degree_max,4707.0,4707.0,0.0,4707.0,4707.0,100.0,Preserved
0.02,2%,degree_distribution,in_degree_min,0.0,0.0,0.0,0.0,0.0,100.0,Preserved
0.02,2%,degree_distribution,out_degree_mean,25.21160480721841,25.715838293462742,3.972054645195637e-15,25.71583829346274,25.715838293462745,100.0,Preserved
0.02,2%,degree_distribution,out_degree_median,11.0,11.0,0.0,11.0,11.0,100.0,Preserved
0.02,2%,degree_distribution,out_degree_variance,3364.863849607683,3404.972131527048,0.1701207890198942,3404.823014080783,3405.121248973313,100.0,Preserved
0.02,2%,degree_distribution,out_degree_std,58.007446501356036,58.35213903386182,0.0014576984572922096,58.350861304828065,58.35341676289557,100.0,Preserved
0.02,2%,degree_distribution,out_degree_max,4782.0,4782.0,0.0,4782.0,4782.0,100.0,Preserved
0.02,2%,degree_distribution,out_degree_min,0.0,0.0,0.0,0.0,0.0,100.0,Preserved
0.02,2%,degree_distribution,total_degree_mean,50.42320961443682,51.431676586925484,7.944109290391274e-15,51.43167658692548,51.43167658692549,100.0,Preserved
0.02,2%,degree_distribution,total_degree_median,21.0,22.0,0.0,22.0,22.0,100.0,Preserved
0.02,2%,degree_distribution,total_degree_variance,12481.215315530224,12555.692286960446,0.22837812029445026,12555.492104711837,12555.892469209055,100.0,Preserved
0.02,2%,degree_distribution,total_degree_std,111.71935962728317,112.05218554820628,0.0010190679480663323,112.0512922957657,112.05307880064686,100.0,Preserved
0.02,2%,degree_distribution,total_degree_max,9489.0,9489.0,0.0,9489.0,9489.0,100.0,Preserved
0.02,2%,degree_distribution,total_degree_min,0.0,0.0,0.0,0.0,0.0,100.0,Preserved
0.02,2%,assortativity,degree_assortativity,-0.046430186922204346,-0.04416334375915722,9.251605913874094e-06,-0.044171453149289205,-0.04415523436902523,100.0,Preserved
0.02,2%,connected_components,wcc_count,4306.0,4306.0,0.0,4306.0,4306.0,100.0,Preserved
0.02,2%,connected_components,wcc_max_size,153952.0,153952.0,0.0,153952.0,153952.0,100.0,Preserved
0.02,2%,connected_components,scc_count,18345.0,18336.0,0.7071067811865476,18335.380193578607,18336.619806421393,100.0,Preserved
0.02,2%,connected_components,scc_max_size,139405.0,139412.4,1.140175425099138,139411.40059217534,139413.39940782465,99.9947,Preserved
0.02,2%,reciprocity,reciprocity,0.12993908079595212,0.12941236019106403,3.116043377572635e-05,0.12938504686659671,0.12943967351553134,99.5946,Preserved
0.05,5%,basic_structure,node_count,158262.0,158262.0,0.0,158262.0,158262.0,100.0,Preserved
0.05,5%,basic_structure,edge_count,3990039.0,4189541.0,0.0,4189541.0,4189541.0,95.2381,Minor Impact
0.05,5%,basic_structure,total_synapses,23556214.0,24146488.6,332.5406742039235,24146197.1152473,24146780.0847527,97.5554,Minor Impact
0.05,5%,basic_structure,weight_mean,5.903755326702321,5.763516480683683,7.937401118755279e-05,5.763446906295296,5.763586055072071,100.0,Preserved
0.05,5%,basic_structure,weight_median,4.0,4.0,0.0,4.0,4.0,100.0,Preserved
0.05,5%,basic_structure,weight_variance,89.45748753848277,85.66422803408375,0.0005101681364841276,85.66378085199555,85.66467521617194,100.0,Preserved
0.05,5%,basic_structure,weight_std,9.45819684392764,9.255497179162019,2.7560261206423316e-05,9.255473021527944,9.255521336796093,100.0,Preserved
0.05,5%,basic_structure,weight_max,913.0,913.0,0.0,913.0,913.0,100.0,Preserved
0.05,5%,basic_structure,weight_min,1.0,1.0,0.0,1.0,1.0,100.0,Preserved
0.05,5%,basic_structure,density,0.00015930396501487044,0.00016726916526188474,0.0,0.00016726916526188474,0.00016726916526188474,95.2381,Minor Impact
0.05,5%,degree_distribution,in_degree_mean,25.21160480721841,26.47218536351114,0.0,26.47218536351114,26.47218536351114,100.0,Preserved
0.05,5%,degree_distribution,in_degree_median,9.0,10.0,0.0,10.0,10.0,100.0,Preserved
0.05,5%,degree_distribution,in_degree_variance,3727.29660036276,3791.135104194122,0.24891688698536135,3790.9169189227437,3791.3532894655004,100.0,Preserved
0.05,5%,degree_distribution,in_degree_std,61.05158966286431,61.5721942188638,0.0020213355015763035,61.57042244017775,61.57396599754985,100.0,Preserved
0.05,5%,degree_distribution,in_degree_max,4707.0,4707.0,0.0,4707.0,4707.0,100.0,Preserved
0.05,5%,degree_distribution,in_degree_min,0.0,0.0,0.0,0.0,0.0,100.0,Preserved
0.05,5%,degree_distribution,out_degree_mean,25.21160480721841,26.47218536351114,0.0,26.47218536351114,26.47218536351114,100.0,Preserved
0.05,5%,degree_distribution,out_degree_median,11.0,12.0,0.0,12.0,12.0,100.0,Preserved
0.05,5%,degree_distribution,out_degree_variance,3364.863849607683,3464.7720985452615,0.4057339530322611,3464.4164570549556,3465.1277400355675,100.0,Preserved
0.05,5%,degree_distribution,out_degree_std,58.007446501356036,58.862314676224685,0.00344644115826837,58.85929373735423,58.86533561509514,100.0,Preserved
0.05,5%,degree_distribution,out_degree_max,4782.0,4782.0,0.0,4782.0,4782.0,100.0,Preserved
0.05,5%,degree_distribution,out_degree_min,0.0,0.0,0.0,0.0,0.0,100.0,Preserved
0.05,5%,degree_distribution,total_degree_mean,50.42320961443682,52.94437072702228,0.0,52.94437072702228,52.94437072702228,100.0,Preserved
0.05,5%,degree_distribution,total_degree_median,21.0,22.0,0.0,22.0,22.0,100.0,Preserved
0.05,5%,degree_distribution,total_degree_variance,12481.215315530224,12711.356645561667,0.7902458897536677,12710.663964498523,12712.049326624812,100.0,Preserved
0.05,5%,degree_distribution,total_degree_std,111.71935962728317,112.74465235981776,0.0035045512693874814,112.74158048518912,112.74772423444641,100.0,Preserved
0.05,5%,degree_distribution,total_degree_max,9489.0,9489.0,0.0,9489.0,9489.0,100.0,Preserved
0.05,5%,degree_distribution,total_degree_min,0.0,0.0,0.0,0.0,0.0,100.0,Preserved
0.05,5%,assortativity,degree_assortativity,-0.046430186922204346,-0.04097434270770219,8.215250166449051e-06,-0.04098154369196934,-0.04096714172343505,100.0,Preserved
0.05,5%,connected_components,wcc_count,4306.0,4306.0,0.0,4306.0,4306.0,100.0,Preserved
0.05,5%,connected_components,wcc_max_size,153952.0,153952.0,0.0,153952.0,153952.0,100.0,Preserved
0.05,5%,connected_components,scc_count,18345.0,18300.0,5.0990195135927845,18295.53051233361,18304.46948766639,100.0,Preserved
0.05,5%,connected_components,scc_max_size,139405.0,139453.2,6.457553716385176,139447.53970460137,139458.86029539866,99.9654,Preserved
0.05,5%,reciprocity,reciprocity,0.12993908079595212,0.13117857063578087,1.5575298679327547e-05,0.13116491828454707,0.13119222298701466,99.0551,Preserved
0.1,10%,basic_structure,node_count,158262.0,158262.0,0.0,158262.0,158262.0,100.0,Preserved
0.1,10%,basic_structure,edge_count,3990039.0,4389043.0,0.0,4389043.0,4389043.0,90.9091,Moderate Impact
0.1,10%,basic_structure,total_synapses,23556214.0,24736087.2,517.490772864599,24735633.599338025,24736540.800661974,95.2302,Minor Impact
0.1,10%,basic_structure,weight_mean,5.903755326702321,5.635872603663258,0.00011790514990716366,5.635769255242663,5.635975952083853,100.0,Preserved
0.1,10%,basic_structure,weight_median,4.0,3.0,0.0,3.0,3.0,100.0,Preserved
0.1,10%,basic_structure,weight_variance,89.45748753848277,82.1824461913184,0.0005706908110343406,82.18194595876695,82.18294642386986,100.0,Preserved
0.1,10%,basic_structure,weight_std,9.45819684392764,9.06545344649267,3.147610293942172e-05,9.06542585647198,9.06548103651336,100.0,Preserved
0.1,10%,basic_structure,weight_max,913.0,913.0,0.0,913.0,913.0,100.0,Preserved
0.1,10%,basic_structure,weight_min,1.0,1.0,0.0,1.0,1.0,100.0,Preserved
0.1,10%,basic_structure,density,0.00015930396501487044,0.00017523436550889905,0.0,0.00017523436550889905,0.00017523436550889905,90.9091,Moderate Impact
0.1,10%,degree_distribution,in_degree_mean,25.21160480721841,27.73276591980387,0.0,27.73276591980387,27.73276591980387,100.0,Preserved
0.1,10%,degree_distribution,in_degree_median,9.0,10.0,0.0,10.0,10.0,100.0,Preserved
0.1,10%,degree_distribution,in_degree_variance,3727.29660036276,3877.133391901064,0.4076624721949608,3876.7760599891803,3877.4907238129476,100.0,Preserved
0.1,10%,degree_distribution,in_degree_std,61.05158966286431,62.26663137932153,0.0032735217392648253,62.26376201100468,62.26950074763838,100.0,Preserved
0.1,10%,degree_distribution,in_degree_max,4707.0,4707.0,0.0,4707.0,4707.0,100.0,Preserved
0.1,10%,degree_distribution,in_degree_min,0.0,0.0,0.0,0.0,0.0,100.0,Preserved
0.1,10%,degree_distribution,out_degree_mean,25.21160480721841,27.73276591980387,0.0,27.73276591980387,27.73276591980387,100.0,Preserved
0.1,10%,degree_distribution,out_degree_median,11.0,12.0,0.0,12.0,12.0,100.0,Preserved
0.1,10%,degree_distribution,out_degree_variance,3364.863849607683,3570.678151856076,0.22883279829336234,3570.4775710646295,3570.8787326475226,100.0,Preserved
0.1,10%,degree_distribution,out_degree_std,58.007446501356036,59.75515165174458,0.0019147725693206643,59.75347327958701,59.756830023902154,100.0,Preserved
0.1,10%,degree_distribution,out_degree_max,4782.0,4782.0,0.0,4782.0,4782.0,100.0,Preserved
0.1,10%,degree_distribution,out_degree_min,0.0,0.0,0.0,0.0,0.0,100.0,Preserved
0.1,10%,degree_distribution,total_degree_mean,50.42320961443682,55.46553183960774,0.0,55.46553183960774,55.46553183960774,100.0,Preserved
0.1,10%,degree_distribution,total_degree_median,21.0,23.0,0.0,23.0,23.0,100.0,Preserved
0.1,10%,degree_distribution,total_degree_variance,12481.215315530224,13015.892132515608,0.86660919364915,13015.132516065372,13016.651748965844,100.0,Preserved
0.1,10%,degree_distribution,total_degree_std,111.71935962728317,114.08721278467551,0.003797989643330659,114.08388369997155,114.09054186937948,100.0,Preserved
0.1,10%,degree_distribution,total_degree_max,9489.0,9489.0,0.0,9489.0,9489.0,100.0,Preserved
0.1,10%,degree_distribution,total_degree_min,0.0,0.0,0.0,0.0,0.0,100.0,Preserved
0.1,10%,assortativity,degree_assortativity,-0.046430186922204346,-0.037024038333034845,1.2630379945471567e-05,-0.037035109349185615,-0.037012967316884075,100.0,Preserved
0.1,10%,connected_components,wcc_count,4306.0,4306.0,0.0,4306.0,4306.0,100.0,Preserved
0.1,10%,connected_components,wcc_max_size,153952.0,153952.0,0.0,153952.0,153952.0,100.0,Preserved
0.1,10%,connected_components,scc_count,18345.0,18206.8,5.718391382198319,18201.7876089538,18211.812391046198,100.0,Preserved
0.1,10%,connected_components,scc_max_size,139405.0,139579.8,8.871302046486749,139572.02396090544,139587.57603909454,99.8748,Preserved
0.1,10%,reciprocity,reciprocity,0.12993908079595212,0.13402274709999423,4.593722036266753e-05,0.13398248135100232,0.13406301284898614,96.953,Minor Impact
0.15,15%,basic_structure,node_count,158262.0,158262.0,0.0,158262.0,158262.0,100.0,Preserved
0.15,15%,basic_structure,edge_count,3990039.0,4588545.0,0.0,4588545.0,4588545.0,86.9565,Significant Disruption
0.15,15%,basic_structure,total_synapses,23556214.0,25326858.6,859.3842563137865,25326105.316486564,25327611.88351344,93.0088,Moderate Impact
0.15,15%,basic_structure,weight_mean,5.903755326702321,5.5195837896326605,0.00018728905487755342,5.519419623537867,5.519747955727454,100.0,Preserved
0.15,15%,basic_structure,weight_median,4.0,3.0,0.0,3.0,3.0,100.0,Preserved
0.15,15%,basic_structure,weight_variance,89.45748753848277,78.97380322092489,0.0009380601145427224,78.97298097498111,78.97462546686867,100.0,Preserved
0.15,15%,basic_structure,weight_std,9.45819684392764,8.886720611040747,5.2778710558622414e-05,8.886674348461195,8.8867668736203,100.0,Preserved
0.15,15%,basic_structure,weight_max,913.0,913.0,0.0,913.0,913.0,100.0,Preserved
0.15,15%,basic_structure,weight_min,1.0,1.0,0.0,1.0,1.0,100.0,Preserved
0.15,15%,basic_structure,density,0.00015930396501487044,0.00018319956575591333,0.0,0.00018319956575591333,0.00018319956575591333,86.9565,Significant Disruption
0.15,15%,degree_distribution,in_degree_mean,25.21160480721841,28.993346476096598,0.0,28.993346476096598,28.993346476096598,100.0,Preserved
0.15,15%,degree_distribution,in_degree_median,9.0,11.0,0.0,11.0,11.0,100.0,Preserved
0.15,15%,degree_distribution,in_degree_variance,3727.29660036276,4003.2346665266423,0.8307683092206875,4002.506465996758,4003.9628670565266,100.0,Preserved
0.15,15%,degree_distribution,in_degree_std,61.05158966286431,63.27112004734645,0.006565146240704939,63.265365442942084,63.276874651750816,100.0,Preserved
0.15,15%,degree_distribution,in_degree_max,4707.0,4707.0,0.0,4707.0,4707.0,100.0,Preserved
0.15,15%,degree_distribution,in_degree_min,0.0,0.0,0.0,0.0,0.0,100.0,Preserved
0.15,15%,degree_distribution,out_degree_mean,25.21160480721841,28.993346476096598,0.0,28.993346476096598,28.993346476096598,100.0,Preserved
0.15,15%,degree_distribution,out_degree_median,11.0,12.0,0.0,12.0,12.0,100.0,Preserved
0.15,15%,degree_distribution,out_degree_variance,3364.863849607683,3710.1793531854732,0.40059725885705344,3709.8282142061307,3710.5304921648158,100.0,Preserved
0.15,15%,degree_distribution,out_degree_std,58.007446501356036,60.91124152842741,0.0032884367781568316,60.90835908650255,60.91412397035227,100.0,Preserved
0.15,15%,degree_distribution,out_degree_max,4782.0,4782.0,0.0,4782.0,4782.0,100.0,Preserved
0.15,15%,degree_distribution,out_degree_min,0.0,0.0,0.0,0.0,0.0,100.0,Preserved
0.15,15%,degree_distribution,total_degree_mean,50.42320961443682,57.986692952193195,0.0,57.986692952193195,57.986692952193195,100.0,Preserved
0.15,15%,degree_distribution,total_degree_median,21.0,24.0,0.0,24.0,24.0,100.0,Preserved
0.15,15%,degree_distribution,total_degree_variance,12481.215315530224,13447.945889571452,1.83560774059326,13446.336908445759,13449.554870697146,100.0,Preserved
0.15,15%,degree_distribution,total_degree_std,111.71935962728317,115.96527859433088,0.007914439102203016,115.95834128258706,115.97221590607471,100.0,Preserved
0.15,15%,degree_distribution,total_degree_max,9489.0,9489.0,0.0,9489.0,9489.0,100.0,Preserved
0.15,15%,degree_distribution,total_degree_min,0.0,0.0,0.0,0.0,0.0,100.0,Preserved
0.15,15%,assortativity,degree_assortativity,-0.046430186922204346,-0.03430302697181505,2.001641631038338e-05,-0.03432057213428914,-0.03428548180934096,100.0,Preserved
0.15,15%,connected_components,wcc_count,4306.0,4306.0,0.0,4306.0,4306.0,100.0,Preserved
0.15,15%,connected_components,wcc_max_size,153952.0,153952.0,0.0,153952.0,153952.0,100.0,Preserved
0.15,15%,connected_components,scc_count,18345.0,18092.8,4.207136793592526,18089.11228200644,18096.487717993557,100.0,Preserved
0.15,15%,connected_components,scc_max_size,139405.0,139744.2,8.438009243891594,139736.8037587925,139751.59624120753,99.7573,Preserved
0.15,15%,reciprocity,reciprocity,0.12993908079595212,0.1366122812351192,5.702579690103836e-05,0.1365622959202492,0.1366622665499892,95.1152,Minor Impact
0.2,20%,basic_structure,node_count,158262.0,158262.0,0.0,158262.0,158262.0,100.0,Preserved
0.2,20%,basic_structure,edge_count,3990039.0,4788047.0,0.0,4788047.0,4788047.0,83.3333,Significant Disruption
0.2,20%,basic_structure,total_synapses,23556214.0,25917579.0,1557.398632335344,25916213.879909694,25918944.120090306,90.8889,Moderate Impact
0.2,20%,basic_structure,weight_mean,5.903755326702321,5.412975060604042,0.0003252680335707302,5.4126899506019255,5.413260170606159,100.0,Preserved
0.2,20%,basic_structure,weight_median,4.0,3.0,0.0,3.0,3.0,100.0,Preserved
0.2,20%,basic_structure,weight_variance,89.45748753848277,76.00872176829245,0.0016325648596952395,76.00729076209889,76.010152774486,100.0,Preserved
0.2,20%,basic_structure,weight_std,9.45819684392764,8.71829810004679,9.362829442434082e-05,8.718216031228257,8.718380168865322,100.0,Preserved
0.2,20%,basic_structure,weight_max,913.0,913.0,0.0,913.0,913.0,100.0,Preserved
0.2,20%,basic_structure,weight_min,1.0,1.0,0.0,1.0,1.0,100.0,Preserved
0.2,20%,basic_structure,density,0.00015930396501487044,0.0001911647660029276,0.0,0.0001911647660029276,0.0001911647660029276,83.3333,Significant Disruption
0.2,20%,degree_distribution,in_degree_mean,25.21160480721841,30.253927032389328,0.0,30.253927032389328,30.253927032389328,100.0,Preserved
0.2,20%,degree_distribution,in_degree_median,9.0,11.0,0.0,11.0,11.0,100.0,Preserved
0.2,20%,degree_distribution,in_degree_variance,3727.29660036276,4150.890864732844,0.8696342336586372,4150.128596718132,4151.653132747557,100.0,Preserved
0.2,20%,degree_distribution,in_degree_std,61.05158966286431,64.427407431116,0.006748872483839787,64.42149178355902,64.43332307867297,100.0,Preserved
0.2,20%,degree_distribution,in_degree_max,4707.0,4707.0,0.0,4707.0,4707.0,100.0,Preserved
0.2,20%,degree_distribution,in_degree_min,0.0,0.0,0.0,0.0,0.0,100.0,Preserved
0.2,20%,degree_distribution,out_degree_mean,25.21160480721841,30.253927032389328,0.0,30.253927032389328,30.253927032389328,100.0,Preserved
0.2,20%,degree_distribution,out_degree_median,11.0,12.0,0.0,12.0,12.0,100.0,Preserved
0.2,20%,degree_distribution,out_degree_variance,3364.863849607683,3867.4020499826192,1.0535929908181805,3866.478535007769,3868.3255649574694,100.0,Preserved
0.2,20%,degree_distribution,out_degree_std,58.007446501356036,62.188439380523256,0.008470360260854537,62.18101478239908,62.19586397864743,100.0,Preserved
0.2,20%,degree_distribution,out_degree_max,4782.0,4782.0,0.0,4782.0,4782.0,100.0,Preserved
0.2,20%,degree_distribution,out_degree_min,0.0,0.0,0.0,0.0,0.0,100.0,Preserved
0.2,20%,degree_distribution,total_degree_mean,50.42320961443682,60.507854064778655,0.0,60.507854064778655,60.507854064778655,100.0,Preserved
0.2,20%,degree_distribution,total_degree_median,21.0,25.0,0.0,25.0,25.0,100.0,Preserved
0.2,20%,degree_distribution,total_degree_variance,12481.215315530224,13949.833914252298,2.300891136016184,13947.817094248627,13951.85073425597,100.0,Preserved
0.2,20%,degree_distribution,total_degree_std,111.71935962728317,118.10941468975454,0.009740116335415234,118.10087710135852,118.11795227815057,100.0,Preserved
0.2,20%,degree_distribution,total_degree_max,9489.0,9489.0,0.0,9489.0,9489.0,100.0,Preserved
0.2,20%,degree_distribution,total_degree_min,0.0,0.0,0.0,0.0,0.0,100.0,Preserved
0.2,20%,assortativity,degree_assortativity,-0.046430186922204346,-0.03154346311858806,4.053199232357823e-05,-0.03157899097630687,-0.031507935260869244,100.0,Preserved
0.2,20%,connected_components,wcc_count,4306.0,4306.0,0.0,4306.0,4306.0,100.0,Preserved
0.2,20%,connected_components,wcc_max_size,153952.0,153952.0,0.0,153952.0,153952.0,100.0,Preserved
0.2,20%,connected_components,scc_count,18345.0,17946.2,7.694153624668539,17939.45577699064,17952.944223009363,100.0,Preserved
0.2,20%,connected_components,scc_max_size,139405.0,139956.8,9.471008394041261,139948.49829511484,139965.10170488514,99.6057,Preserved
0.2,20%,reciprocity,reciprocity,0.12993908079595212,0.1391455848282191,0.00012062199150833232,0.13903985499096222,0.13925131466547597,93.3835,Moderate Impact
