dataset,error_model,rate,pr_pearson,pr_spearman,pr_topk100
BANC,false_synapses,0.25,0.9988860101745429,0.9994083616095513,0.99
BANC,false_synapses,0.5,0.9988440415265512,0.9987438463959195,0.986
BANC,false_synapses,0.75,0.9979767934970323,0.9981707027364533,0.992
BANC,false_synapses,0.0,1.0,0.9999999999998084,1.0
BANC,false_synapses,10.0,0.9888982183960888,0.978454484966235,0.938
BANC,false_synapses,15.0,0.9870066986810538,0.9689591080509894,0.9099999999999999
BANC,false_synapses,1.0,0.9977777920218902,0.9976733526921784,0.99
BANC,false_synapses,20.0,0.9833246112569345,0.9616561338084446,0.892
BANC,false_synapses,2.0,0.9975010190706266,0.9957567105766355,0.982
BANC,false_synapses,5.0,0.9930844590924387,0.9894273000788332,0.958
FAFB,false_synapses,0.25,0.9999954749726415,0.9992512202556858,1.0
FAFB,false_synapses,0.5,0.9999897532526976,0.9984181832163527,1.0
FAFB,false_synapses,0.75,0.9999844839617387,0.9980163081231147,0.9960000000000001
FAFB,false_synapses,0.0,0.9999999999999993,0.9999999999999727,1.0
FAFB,false_synapses,10.0,0.9990673697053485,0.9797832616462452,0.9879999999999999
FAFB,false_synapses,15.0,0.9989081584079862,0.9750188151817971,0.986
FAFB,false_synapses,1.0,0.9999723867107166,0.9974622448951974,0.9960000000000001
FAFB,false_synapses,20.0,0.9987289242538328,0.9704624776188769,0.982
FAFB,false_synapses,2.0,0.9998621711512135,0.991648751582742,0.994
FAFB,false_synapses,5.0,0.9997118960644873,0.9859682317520267,0.994
MCNS,false_synapses,0.25,0.9999975943150929,0.999845194694268,1.0
MCNS,false_synapses,0.5,0.9999887338074303,0.9996731037095465,1.0
MCNS,false_synapses,0.75,0.9999814548244059,0.9994802273468448,1.0
MCNS,false_synapses,0.0,1.0,1.0,1.0
MCNS,false_synapses,10.0,0.9995859671265468,0.9870134901263292,0.99
MCNS,false_synapses,15.0,0.9992957299363354,0.9822801791399677,0.9800000000000001
MCNS,false_synapses,1.0,0.9999768356102052,0.9992478901692881,1.0
MCNS,false_synapses,20.0,0.9991509718132763,0.9800348337244941,0.9800000000000001
MCNS,false_synapses,2.0,0.9999256356785894,0.9982238650883664,0.99
MCNS,false_synapses,5.0,0.9997920034444204,0.9936616425384166,0.99
BANC,merge_errors,0.5,0.9998270341061598,0.999729570051915,0.992
BANC,merge_errors,0.0,1.0,0.999999999999716,1.0
BANC,merge_errors,10.0,0.9853112048947292,0.9932634354375869,0.9279999999999999
BANC,merge_errors,15.0,0.9804756130245765,0.9900331866659261,0.876
BANC,merge_errors,1.0,0.9996026550665474,0.9994178533296705,0.992
BANC,merge_errors,20.0,0.9773403801774474,0.9873851153900247,0.86
BANC,merge_errors,2.0,0.9985843191557551,0.9987285167665121,0.982
BANC,merge_errors,3.0,0.9977725390904126,0.998064788052457,0.9800000000000001
BANC,merge_errors,5.0,0.9960295293640069,0.996683037829792,0.9640000000000001
BANC,merge_errors,7.5,0.9916539767347279,0.9949332595037674,0.958
FAFB,merge_errors,0.5,0.9999538454684944,0.9997686141678646,1.0
FAFB,merge_errors,0.0,0.9999999999999997,0.9999999999999994,1.0
FAFB,merge_errors,10.0,0.9992267475086771,0.9946911668388643,0.985
FAFB,merge_errors,15.0,0.998718587141376,0.9920805843663543,0.955
FAFB,merge_errors,1.0,0.9999297913983162,0.9995411008329743,1.0
FAFB,merge_errors,20.0,0.9984324006365526,0.9898667177502096,0.945
FAFB,merge_errors,2.0,0.9998307404560052,0.9990190153238161,0.99
FAFB,merge_errors,3.0,0.9997791648698584,0.9984983139365445,0.99
FAFB,merge_errors,5.0,0.9996468191151997,0.9974044452715313,0.985
FAFB,merge_errors,7.5,0.9994474666957374,0.9960892250602582,0.98
MANC,merge_errors,0.5,0.9999415005583856,0.9997027590917389,0.99
MANC,merge_errors,0.0,0.9999999999999999,0.9999999999999999,1.0
MANC,merge_errors,10.0,0.998404240366273,0.9958354158052282,0.96
MANC,merge_errors,15.0,0.997677366177424,0.9931947706158479,0.94
MANC,merge_errors,1.0,0.9999107901733395,0.999486345217707,0.99
MANC,merge_errors,20.0,0.9971103381987223,0.9907674849702363,0.93
MANC,merge_errors,2.0,0.9998430258385587,0.9991847895920285,0.99
MANC,merge_errors,3.0,0.9997464047068081,0.9988594492475616,0.99
MANC,merge_errors,5.0,0.9991689860247371,0.9979426509150737,0.94
MANC,merge_errors,7.5,0.9988187842637966,0.9969404596690286,0.95
MCNS,merge_errors,0.5,0.9999946422370515,0.999678163500491,1.0
MCNS,merge_errors,0.0,0.9999999999999997,1.0,1.0
MCNS,merge_errors,10.0,0.9871137659227227,0.9933037849648739,0.97
MCNS,merge_errors,15.0,0.9868273821689449,0.9895840030040752,0.9640000000000001
MCNS,merge_errors,1.0,0.9999866028453408,0.9993860829436946,1.0
MCNS,merge_errors,20.0,0.9841097070573237,0.9861095002248925,0.96
MCNS,merge_errors,2.0,0.9999661368057119,0.9987714282793707,0.998
MCNS,merge_errors,3.0,0.9999371933737496,0.9981170541073456,0.99
MCNS,merge_errors,5.0,0.9996684042012844,0.9968291580925296,0.99
MCNS,merge_errors,7.5,0.9872877652941929,0.995166916718593,0.9800000000000001
BANC,missed_synapses,0.25,0.9999707383317455,0.9999709849296909,0.9960000000000001
BANC,missed_synapses,0.5,0.9999504671703857,0.9999416010900999,0.994
BANC,missed_synapses,0.75,0.9999366159808835,0.999912795841879,0.992
BANC,missed_synapses,0.0,1.0,0.9999999999997762,1.0
BANC,missed_synapses,10.0,0.9991061861243441,0.9987176397894982,0.9719999999999999
BANC,missed_synapses,15.0,0.9980074393714486,0.9979455077254183,0.966
BANC,missed_synapses,1.0,0.9999112031926416,0.9998837954821191,0.9879999999999999
BANC,missed_synapses,20.0,0.9975114104522019,0.9970470614506042,0.97
BANC,missed_synapses,2.0,0.9997278138468098,0.9997663553592304,0.986
BANC,missed_synapses,5.0,0.9993102602340118,0.9993914855523185,0.9800000000000001
FAFB,missed_synapses,0.25,0.9999970277062251,0.9999903601780351,0.9960000000000001
FAFB,missed_synapses,0.5,0.9999952785563162,0.9999807843162151,0.994
FAFB,missed_synapses,0.75,0.9999865295390892,0.9999708633375937,0.9960000000000001
FAFB,missed_synapses,0.0,0.9999999999999993,0.9999999999999721,1.0
FAFB,missed_synapses,10.0,0.9997761586517985,0.9995691639525734,0.986
FAFB,missed_synapses,15.0,0.9996820625223732,0.9993117649507608,0.9879999999999999
FAFB,missed_synapses,1.0,0.9999815315517964,0.9999609274928971,0.994
FAFB,missed_synapses,20.0,0.9995539759227217,0.9990283214266042,0.9800000000000001
FAFB,missed_synapses,2.0,0.9999634122138488,0.9999213662129206,0.992
FAFB,missed_synapses,5.0,0.9999021872469422,0.999795974693211,0.9960000000000001
MANC,missed_synapses,0.25,0.9999852988703068,0.9999606816839381,0.9960000000000001
MANC,missed_synapses,0.5,0.9999735915875757,0.9999341119830684,0.994
MANC,missed_synapses,0.75,0.9999599093358608,0.9999073914695927,0.994
MANC,missed_synapses,0.0,1.0,0.9999999999999998,1.0
MANC,missed_synapses,10.0,0.9993021119480037,0.9986408592163633,0.986
MANC,missed_synapses,15.0,0.9989673841722574,0.9981046818768011,0.976
MANC,missed_synapses,1.0,0.999940343978883,0.9998783483841984,0.992
MANC,missed_synapses,20.0,0.9982165825903188,0.997207304615714,0.982
MANC,missed_synapses,2.0,0.9998854096856234,0.9997609898566701,0.994
MANC,missed_synapses,5.0,0.9996722073197176,0.9993748708667326,0.9879999999999999
MCNS,missed_synapses,0.25,0.9999971717977785,0.999990897382564,0.9960000000000001
MCNS,missed_synapses,0.5,0.9999949468727415,0.9999818725527325,0.9960000000000001
MCNS,missed_synapses,0.75,0.9999916047080852,0.9999728300557095,0.9960000000000001
MCNS,missed_synapses,0.0,1.0,1.0,1.0
MCNS,missed_synapses,10.0,0.9998448893818125,0.9995992542714294,0.9879999999999999
MCNS,missed_synapses,15.0,0.9996718919280301,0.9993624509834081,0.9800000000000001
MCNS,missed_synapses,1.0,0.9999904562945133,0.9999636504616133,0.9960000000000001
MCNS,missed_synapses,20.0,0.9995413286630084,0.9990968738593823,0.986
MCNS,missed_synapses,2.0,0.9999758129720021,0.9999265315956759,0.9960000000000001
MCNS,missed_synapses,5.0,0.9999180022702205,0.9998095101198132,0.994
MAOL,missed_synapses,0.25,0.9999903363077962,0.9999314387229697,0.9960000000000001
MAOL,missed_synapses,0.5,0.9999608300690067,0.9998772799713042,0.9960000000000001
MAOL,missed_synapses,0.75,0.9999378787085325,0.9998136340146129,0.9960000000000001
MAOL,missed_synapses,0.0,0.9999999999999998,1.0,1.0
MAOL,missed_synapses,10.0,0.9994603427409979,0.9980906761254046,0.9879999999999999
MAOL,missed_synapses,15.0,0.9989713242911853,0.9969069815615834,0.9719999999999999
MAOL,missed_synapses,1.0,0.9999306457037701,0.999769929780791,0.9960000000000001
MAOL,missed_synapses,20.0,0.9985917726036491,0.9957816100387668,0.982
MAOL,missed_synapses,2.0,0.9998826848316267,0.9995842751039637,0.992
MAOL,missed_synapses,5.0,0.9997474671990407,0.9990317602802676,0.994
BANC,split_errors,0.5,0.999964664272569,0.9992551014918692,0.994
BANC,split_errors,0.0,1.0,0.9999999999998295,1.0
BANC,split_errors,10.0,0.9929098107184953,0.9874362125332521,0.966
BANC,split_errors,15.0,0.9905288563270467,0.9826894053012667,0.96
BANC,split_errors,1.0,0.9998527864783157,0.9985546644282479,0.99
BANC,split_errors,20.0,0.9870098401879609,0.9785877465816437,0.9480000000000001
BANC,split_errors,2.0,0.9993616057512789,0.9971409541579817,0.994
BANC,split_errors,3.0,0.9991912890829919,0.9957763838580849,0.992
BANC,split_errors,5.0,0.9990699553687208,0.9931823926890131,0.9879999999999999
BANC,split_errors,7.5,0.9934678800570682,0.9901200169630426,0.976
FAFB,split_errors,0.5,0.99997714703513,0.9991205743661895,0.992
FAFB,split_errors,0.0,0.9999999999999997,0.999999999999955,1.0
FAFB,split_errors,10.0,0.9986419366984564,0.9856880840358707,0.958
FAFB,split_errors,15.0,0.9959360132038426,0.9806781257511684,0.95
FAFB,split_errors,1.0,0.99996391848367,0.9982938350700519,0.99
FAFB,split_errors,20.0,0.9965540296015607,0.9768710862267147,0.946
FAFB,split_errors,2.0,0.9998702309688559,0.996544439427896,0.99
FAFB,split_errors,3.0,0.9989163128337848,0.9949703792247172,0.984
FAFB,split_errors,5.0,0.9996191314015481,0.9920493092942483,0.982
FAFB,split_errors,7.5,0.9985539773230652,0.9886849147431391,0.968
MANC,split_errors,0.5,0.9999617685206932,0.9994329759573952,0.992
MANC,split_errors,0.0,1.0,0.9999999999999998,1.0
MANC,split_errors,10.0,0.9991333906750028,0.9908660556712132,0.982
MANC,split_errors,15.0,0.9987722157151093,0.9878444637404721,0.974
MANC,split_errors,1.0,0.9999195801545595,0.9988972831398684,0.99
MANC,split_errors,20.0,0.99835053261328,0.9855333375972932,0.966
MANC,split_errors,2.0,0.9998018838245093,0.9978301547427486,0.992
MANC,split_errors,3.0,0.9997118807270333,0.9967875567804813,0.99
MANC,split_errors,5.0,0.9995369221395002,0.9948102719816563,0.9879999999999999
MANC,split_errors,7.5,0.9993182466723752,0.9927190609826342,0.984
MCNS,split_errors,0.5,0.9998816165359632,0.9987461840985661,0.994
MCNS,split_errors,0.0,1.0,1.0,1.0
MCNS,split_errors,10.0,0.9961410038308053,0.980396855273769,0.9640000000000001
MCNS,split_errors,15.0,0.9948705964780787,0.9737652459505576,0.9480000000000001
MCNS,split_errors,1.0,0.9995594023677222,0.9975610502335195,0.9879999999999999
MCNS,split_errors,20.0,0.9932394841562656,0.9687903230121501,0.942
MCNS,split_errors,2.0,0.9990838340999645,0.9952898846853824,0.982
MCNS,split_errors,3.0,0.9987327714023255,0.9930511169440939,0.9719999999999999
MCNS,split_errors,5.0,0.9983592966866086,0.9889641272029401,0.968
MCNS,split_errors,7.5,0.9978074682848932,0.9844167573571703,0.968
MAOL,split_errors,0.5,0.9999820262139325,0.9988325900733438,1.0
MAOL,split_errors,0.0,1.0,1.0,1.0
MAOL,split_errors,10.0,0.9995896644422307,0.9820771999273685,0.99
MAOL,split_errors,15.0,0.9993790192598058,0.9764104780379241,0.982
MAOL,split_errors,1.0,0.9999677402072891,0.9977140424650454,0.9960000000000001
MAOL,split_errors,20.0,0.9992515459609634,0.9722784909129973,0.978
MAOL,split_errors,2.0,0.9999133938061997,0.9955008044464305,0.9960000000000001
MAOL,split_errors,3.0,0.9998397055144157,0.9934801384270038,0.9960000000000001
MAOL,split_errors,5.0,0.9997529198732537,0.9896730203855831,0.99
MAOL,split_errors,7.5,0.9996939568505946,0.9856294555937073,0.9879999999999999
BANC,synapse_count_measurement,0.5,0.999999965878516,0.9999999783993587,1.0
BANC,synapse_count_measurement,0.0,1.0,0.9999999999997662,1.0
BANC,synapse_count_measurement,10.0,0.999788082421518,0.999472091345216,0.986
BANC,synapse_count_measurement,15.0,0.9994467075147643,0.998768518522882,0.982
BANC,synapse_count_measurement,1.0,0.9999997689924289,0.9999996342071868,1.0
BANC,synapse_count_measurement,20.0,0.9989668885967505,0.9978885071872987,0.976
BANC,synapse_count_measurement,2.0,0.999998693727043,0.9999960600529635,0.994
BANC,synapse_count_measurement,3.0,0.9999941083313315,0.999985880722648,0.992
BANC,synapse_count_measurement,5.0,0.9999798784541678,0.9999290132388413,0.992
BANC,synapse_count_measurement,7.5,0.9999198428262556,0.9997536717055414,0.986
FAFB,synapse_count_measurement,0.5,0.9999999035218476,0.9999998091619539,1.0
FAFB,synapse_count_measurement,0.0,0.9999999999999994,0.9999999999999595,1.0
FAFB,synapse_count_measurement,10.0,0.9998787878171089,0.9995751762381829,0.982
FAFB,synapse_count_measurement,15.0,0.9997192714481024,0.9990809239139263,0.976
FAFB,synapse_count_measurement,1.0,0.9999994983964031,0.9999985015078374,1.0
FAFB,synapse_count_measurement,20.0,0.9994605149784125,0.9983855990703188,0.97
FAFB,synapse_count_measurement,2.0,0.9999976038924382,0.9999901920890156,0.998
FAFB,synapse_count_measurement,3.0,0.99999366551093,0.9999713785069974,0.998
FAFB,synapse_count_measurement,5.0,0.9999782608667049,0.999896683148491,0.9960000000000001
FAFB,synapse_count_measurement,7.5,0.9999255512000909,0.9997550632734657,0.9879999999999999
MANC,synapse_count_measurement,0.5,0.9999998591970407,0.9999999457964845,1.0
MANC,synapse_count_measurement,0.0,1.0,0.9999999999999998,1.0
MANC,synapse_count_measurement,10.0,0.9999063063849929,0.9999242866873953,0.986
MANC,synapse_count_measurement,15.0,0.9997666974289932,0.9998093126611014,0.982
MANC,synapse_count_measurement,1.0,0.9999993608853801,0.9999996281215461,0.992
MANC,synapse_count_measurement,20.0,0.9995646021853212,0.999634389247699,0.976
MANC,synapse_count_measurement,2.0,0.9999972354176622,0.999997959660128,0.992
MANC,synapse_count_measurement,3.0,0.9999931477234867,0.9999948230858495,0.992
MANC,synapse_count_measurement,5.0,0.9999797313002381,0.9999837296146181,0.986
MANC,synapse_count_measurement,7.5,0.9999497261202304,0.9999605948051127,0.986
MCNS,synapse_count_measurement,0.5,0.9999998719003635,0.9999997612321408,1.0
MCNS,synapse_count_measurement,0.0,1.0,1.0,1.0
MCNS,synapse_count_measurement,10.0,0.9998186839631835,0.9995508780367091,0.984
MCNS,synapse_count_measurement,15.0,0.9996057292903849,0.9990310446857114,0.97
MCNS,synapse_count_measurement,1.0,0.9999992188928818,0.9999981910469955,1.0
MCNS,synapse_count_measurement,20.0,0.9993182078213134,0.9983009600842434,0.97
MCNS,synapse_count_measurement,2.0,0.999996462230704,0.9999888417797618,0.998
MCNS,synapse_count_measurement,3.0,0.9999873053015605,0.9999679367836997,0.9960000000000001
MCNS,synapse_count_measurement,5.0,0.9999636705128931,0.9998876739298158,0.9879999999999999
MCNS,synapse_count_measurement,7.5,0.999904265219978,0.9997392832650138,0.986
MAOL,synapse_count_measurement,0.5,0.9999999283915635,0.9999998612243985,1.0
MAOL,synapse_count_measurement,0.0,1.0,1.0,1.0
MAOL,synapse_count_measurement,10.0,0.9999365641382976,0.9997415472879154,0.99
MAOL,synapse_count_measurement,15.0,0.9998411192078038,0.9993871009584321,0.992
MAOL,synapse_count_measurement,1.0,0.9999996629841725,0.9999991204006189,1.0
MAOL,synapse_count_measurement,20.0,0.999705793075794,0.9988928345727135,0.986
MAOL,synapse_count_measurement,2.0,0.9999981280739846,0.9999944729209517,1.0
MAOL,synapse_count_measurement,3.0,0.9999954916839178,0.9999844833152002,0.998
MAOL,synapse_count_measurement,5.0,0.9999844083066295,0.9999463032385216,0.992
MAOL,synapse_count_measurement,7.5,0.9999653913425508,0.9998630343579865,0.99
